file_id,path,lang,bucket,status,analyzed,issues_found
F00000,.github/workflows/ci.yml,ci-config,.github,analyzed,yes,
F00001,.github/workflows/dashboard2026.yml,ci-config,.github,analyzed,yes,
F00002,.github/workflows/rust_revival_reminder.yml,ci-config,.github,analyzed,yes,
F00003,.gitignore,unknown,_root,analyzed,yes,
F00004,README.md,markdown,_root,analyzed,yes,
F00005,contracts/events.proto,protobuf,contracts,analyzed,yes,
F00006,core/__init__.py,python,core,analyzed,yes,
F00007,core/cognitive_router/__init__.py,python,core,analyzed,yes,
F00008,core/cognitive_router/router.py,python,core,analyzed,yes,ruff-format:FORMAT
F00009,core/cognitive_router/task_class.py,python,core,analyzed,yes,
F00010,core/coherence/__init__.py,python,core,analyzed,yes,
F00011,core/coherence/belief_state.py,python,core,analyzed,yes,
F00012,core/coherence/decision_trace.py,python,core,analyzed,yes,ruff-format:FORMAT
F00013,core/coherence/performance_pressure.py,python,core,analyzed,yes,ruff-format:FORMAT
F00014,core/coherence/system_intent.py,python,core,analyzed,yes,
F00015,core/constraint_engine/__init__.py,python,core,analyzed,yes,
F00016,core/constraint_engine/compiler.py,python,core,analyzed,yes,ruff-format:FORMAT
F00017,core/constraint_engine/expr.py,python,core,analyzed,yes,ruff-format:FORMAT
F00018,core/contracts/__init__.py,python,core,analyzed,yes,
F00019,core/contracts/api/__init__.py,python,core,analyzed,yes,
F00020,core/contracts/api/cognitive_chat.py,python,core,analyzed,yes,ruff-format:FORMAT
F00021,core/contracts/api/cognitive_chat_approvals.py,python,core,analyzed,yes,ruff-format:FORMAT
F00022,core/contracts/api/credentials.py,python,core,analyzed,yes,
F00023,core/contracts/api/operator.py,python,core,analyzed,yes,
F00024,core/contracts/decision_trace.py,python,core,analyzed,yes,ruff-format:FORMAT
F00025,core/contracts/engine.py,python,core,analyzed,yes,ruff-format:FORMAT
F00026,core/contracts/event_provenance.py,python,core,analyzed,yes,ruff-format:FORMAT
F00027,core/contracts/events.py,python,core,analyzed,yes,
F00028,core/contracts/execution_intent.py,python,core,analyzed,yes,ruff-format:FORMAT
F00029,core/contracts/governance.py,python,core,analyzed,yes,
F00030,core/contracts/launches.py,python,core,analyzed,yes,
F00031,core/contracts/learning.py,python,core,analyzed,yes,
F00032,core/contracts/learning_evolution_freeze.py,python,core,analyzed,yes,
F00033,core/contracts/learning_sink.py,python,core,analyzed,yes,ruff-format:FORMAT
F00034,core/contracts/macro.py,python,core,analyzed,yes,ruff-format:FORMAT
F00035,core/contracts/market.py,python,core,analyzed,yes,
F00036,core/contracts/mode_effects.py,python,core,analyzed,yes,ruff-format:FORMAT
F00037,core/contracts/news.py,python,core,analyzed,yes,ruff-format:FORMAT
F00038,core/contracts/operator_consent.py,python,core,analyzed,yes,ruff-format:FORMAT
F00039,core/contracts/patch.py,python,core,analyzed,yes,ruff-format:FORMAT
F00040,core/contracts/risk.py,python,core,analyzed,yes,
F00041,core/contracts/strategy_registry.py,python,core,analyzed,yes,ruff-format:FORMAT
F00042,core/contracts/trader_intelligence.py,python,core,analyzed,yes,
F00043,dash_meme/.gitignore,unknown,dash_meme,analyzed,yes,
F00044,dash_meme/eslint.config.js,js,dash_meme,analyzed,yes,
F00045,dash_meme/index.html,html,dash_meme,analyzed,yes,
F00046,dash_meme/package-lock.json,json,dash_meme,analyzed,yes,
F00047,dash_meme/package.json,json,dash_meme,analyzed,yes,
F00048,dash_meme/postcss.config.js,js,dash_meme,analyzed,yes,
F00049,dash_meme/src/App.tsx,tsx,dash_meme,analyzed,yes,
F00050,dash_meme/src/api/base.ts,ts,dash_meme,analyzed,yes,
F00051,dash_meme/src/api/feeds.ts,ts,dash_meme,analyzed,yes,
F00052,dash_meme/src/api/intent.ts,ts,dash_meme,analyzed,yes,
F00053,dash_meme/src/components/HoldersPanel.tsx,tsx,dash_meme,analyzed,yes,
F00054,dash_meme/src/components/HotPairsTicker.tsx,tsx,dash_meme,analyzed,yes,
F00055,dash_meme/src/components/Panel.tsx,tsx,dash_meme,analyzed,yes,
F00056,dash_meme/src/components/PriceChart.tsx,tsx,dash_meme,analyzed,yes,
F00057,dash_meme/src/components/RugScoreCard.tsx,tsx,dash_meme,analyzed,yes,
F00058,dash_meme/src/components/Sidebar.tsx,tsx,dash_meme,analyzed,yes,
F00059,dash_meme/src/components/StatusPill.tsx,tsx,dash_meme,analyzed,yes,
F00060,dash_meme/src/components/ToastHost.tsx,tsx,dash_meme,analyzed,yes,
F00061,dash_meme/src/components/TopBar.tsx,tsx,dash_meme,analyzed,yes,
F00062,dash_meme/src/components/TradeForm.tsx,tsx,dash_meme,analyzed,yes,
F00063,dash_meme/src/components/TxFeed.tsx,tsx,dash_meme,analyzed,yes,
F00064,dash_meme/src/index.css,css,dash_meme,analyzed,yes,
F00065,dash_meme/src/main.tsx,tsx,dash_meme,analyzed,yes,
F00066,dash_meme/src/pages/BigSwapPage.tsx,tsx,dash_meme,analyzed,yes,
F00067,dash_meme/src/pages/CopyTradingPage.tsx,tsx,dash_meme,analyzed,yes,
F00068,dash_meme/src/pages/MultichartPage.tsx,tsx,dash_meme,analyzed,yes,
F00069,dash_meme/src/pages/MultiswapPage.tsx,tsx,dash_meme,analyzed,yes,
F00070,dash_meme/src/pages/PairExplorerPage.tsx,tsx,dash_meme,analyzed,yes,
F00071,dash_meme/src/pages/PoolExplorerPage.tsx,tsx,dash_meme,analyzed,yes,
F00072,dash_meme/src/pages/SniperPage.tsx,tsx,dash_meme,analyzed,yes,
F00073,dash_meme/src/pages/StatsPage.tsx,tsx,dash_meme,analyzed,yes,
F00074,dash_meme/src/pages/TradePage.tsx,tsx,dash_meme,analyzed,yes,
F00075,dash_meme/src/pages/WalletInfoPage.tsx,tsx,dash_meme,analyzed,yes,
F00076,dash_meme/src/router.ts,ts,dash_meme,analyzed,yes,
F00077,dash_meme/src/state/autonomy.ts,ts,dash_meme,analyzed,yes,
F00078,dash_meme/src/state/pair.ts,ts,dash_meme,analyzed,yes,
F00079,dash_meme/src/state/toast.ts,ts,dash_meme,analyzed,yes,
F00080,dash_meme/src/theme/tokens.css,css,dash_meme,analyzed,yes,
F00081,dash_meme/tailwind.config.js,js,dash_meme,analyzed,yes,
F00082,dash_meme/tsconfig.app.json,json,dash_meme,analyzed,yes,
F00083,dash_meme/tsconfig.json,json,dash_meme,analyzed,yes,
F00084,dash_meme/tsconfig.node.json,json,dash_meme,analyzed,yes,
F00085,dash_meme/vite.config.ts,ts,dash_meme,analyzed,yes,
F00086,dashboard2026/README.md,markdown,dashboard2026,analyzed,yes,
F00087,dashboard2026/eslint.config.js,js,dashboard2026,analyzed,yes,
F00088,dashboard2026/index.html,html,dashboard2026,analyzed,yes,
F00089,dashboard2026/package-lock.json,json,dashboard2026,analyzed,yes,
F00090,dashboard2026/package.json,json,dashboard2026,analyzed,yes,
F00091,dashboard2026/postcss.config.js,js,dashboard2026,analyzed,yes,
F00092,dashboard2026/src/App.tsx,tsx,dashboard2026,analyzed,yes,
F00093,dashboard2026/src/api/base.ts,ts,dashboard2026,analyzed,yes,
F00094,dashboard2026/src/api/cognitive_chat.ts,ts,dashboard2026,analyzed,yes,
F00095,dashboard2026/src/api/credentials.ts,ts,dashboard2026,analyzed,yes,
F00096,dashboard2026/src/api/dashboard.ts,ts,dashboard2026,analyzed,yes,
F00097,dashboard2026/src/api/governance.ts,ts,dashboard2026,analyzed,yes,
F00098,dashboard2026/src/api/operator.ts,ts,dashboard2026,analyzed,yes,
F00099,dashboard2026/src/api/plugins.ts,ts,dashboard2026,analyzed,yes,
F00100,dashboard2026/src/components/AdapterStatusGrid.tsx,tsx,dashboard2026,analyzed,yes,
F00101,dashboard2026/src/components/ApprovalPanel.tsx,tsx,dashboard2026,analyzed,yes,
F00102,dashboard2026/src/components/AssetGrid.tsx,tsx,dashboard2026,analyzed,yes,
F00103,dashboard2026/src/components/AutonomyRibbon.tsx,tsx,dashboard2026,analyzed,yes,
F00104,dashboard2026/src/components/CommandPalette.tsx,tsx,dashboard2026,analyzed,yes,
F00105,dashboard2026/src/components/EngineBucketBadge.tsx,tsx,dashboard2026,analyzed,yes,
F00106,dashboard2026/src/components/HotkeyConfigurator.tsx,tsx,dashboard2026,analyzed,yes,
F00107,dashboard2026/src/components/LiveStatusPill.tsx,tsx,dashboard2026,analyzed,yes,
F00108,dashboard2026/src/components/ModeRibbon.tsx,tsx,dashboard2026,analyzed,yes,
F00109,dashboard2026/src/components/PadlockFloors.tsx,tsx,dashboard2026,analyzed,yes,
F00110,dashboard2026/src/components/PlaceholderWidget.tsx,tsx,dashboard2026,analyzed,yes,
F00111,dashboard2026/src/components/PopoutButton.tsx,tsx,dashboard2026,analyzed,yes,
F00112,dashboard2026/src/components/PreferencesBar.tsx,tsx,dashboard2026,analyzed,yes,
F00113,dashboard2026/src/components/PromoteChain.tsx,tsx,dashboard2026,analyzed,yes,
F00114,dashboard2026/src/components/Sidebar.tsx,tsx,dashboard2026,analyzed,yes,
F00115,dashboard2026/src/components/StateBadge.tsx,tsx,dashboard2026,analyzed,yes,
F00116,dashboard2026/src/components/ToastHost.tsx,tsx,dashboard2026,analyzed,yes,
F00117,dashboard2026/src/index.css,css,dashboard2026,analyzed,yes,
F00118,dashboard2026/src/lib/fuzzy.ts,ts,dashboard2026,analyzed,yes,
F00119,dashboard2026/src/main.tsx,tsx,dashboard2026,analyzed,yes,
F00120,dashboard2026/src/pages/AIPage.tsx,tsx,dashboard2026,analyzed,yes,
F00121,dashboard2026/src/pages/ChartingPage.tsx,tsx,dashboard2026,analyzed,yes,
F00122,dashboard2026/src/pages/CognitiveChatPage.tsx,tsx,dashboard2026,analyzed,yes,
F00123,dashboard2026/src/pages/CredentialsPage.tsx,tsx,dashboard2026,analyzed,yes,
F00124,dashboard2026/src/pages/DyonLearningPage.tsx,tsx,dashboard2026,analyzed,yes,
F00125,dashboard2026/src/pages/GovernancePage.tsx,tsx,dashboard2026,analyzed,yes,
F00126,dashboard2026/src/pages/IndiraLearningPage.tsx,tsx,dashboard2026,analyzed,yes,
F00127,dashboard2026/src/pages/MarketContextPage.tsx,tsx,dashboard2026,analyzed,yes,
F00128,dashboard2026/src/pages/OnChainPage.tsx,tsx,dashboard2026,analyzed,yes,
F00129,dashboard2026/src/pages/OperatorPage.tsx,tsx,dashboard2026,analyzed,yes,
F00130,dashboard2026/src/pages/OrderFlowPage.tsx,tsx,dashboard2026,analyzed,yes,
F00131,dashboard2026/src/pages/PluginsPage.tsx,tsx,dashboard2026,analyzed,yes,
F00132,dashboard2026/src/pages/PositionsPage.tsx,tsx,dashboard2026,analyzed,yes,
F00133,dashboard2026/src/pages/RiskPage.tsx,tsx,dashboard2026,analyzed,yes,
F00134,dashboard2026/src/pages/TestingPage.tsx,tsx,dashboard2026,analyzed,yes,
F00135,dashboard2026/src/pages/TradingPage.tsx,tsx,dashboard2026,analyzed,yes,
F00136,dashboard2026/src/pages/asset/AssetPageShell.tsx,tsx,dashboard2026,analyzed,yes,
F00137,dashboard2026/src/pages/asset/DexPage.tsx,tsx,dashboard2026,analyzed,yes,
F00138,dashboard2026/src/pages/asset/ForexPage.tsx,tsx,dashboard2026,analyzed,yes,
F00139,dashboard2026/src/pages/asset/MemecoinPage.tsx,tsx,dashboard2026,analyzed,yes,
F00140,dashboard2026/src/pages/asset/NftPage.tsx,tsx,dashboard2026,analyzed,yes,
F00141,dashboard2026/src/pages/asset/PerpsPage.tsx,tsx,dashboard2026,analyzed,yes,
F00142,dashboard2026/src/pages/asset/SpotPage.tsx,tsx,dashboard2026,analyzed,yes,
F00143,dashboard2026/src/pages/asset/StocksPage.tsx,tsx,dashboard2026,analyzed,yes,
F00144,dashboard2026/src/preferences/store.ts,ts,dashboard2026,analyzed,yes,
F00145,dashboard2026/src/router.ts,ts,dashboard2026,analyzed,yes,
F00146,dashboard2026/src/state/autonomy.ts,ts,dashboard2026,analyzed,yes,
F00147,dashboard2026/src/state/hotkeys.ts,ts,dashboard2026,analyzed,yes,
F00148,dashboard2026/src/state/popout.ts,ts,dashboard2026,analyzed,yes,
F00149,dashboard2026/src/state/realtime.ts,ts,dashboard2026,analyzed,yes,
F00150,dashboard2026/src/state/toast.ts,ts,dashboard2026,analyzed,yes,
F00151,dashboard2026/src/theme/tokens.css,css,dashboard2026,analyzed,yes,
F00152,dashboard2026/src/types/generated/api.ts,ts,dashboard2026,analyzed,yes,
F00153,dashboard2026/src/vite-env.d.ts,ts,dashboard2026,analyzed,yes,
F00154,dashboard2026/src/widgets/AlertsHub.tsx,tsx,dashboard2026,analyzed,yes,
F00155,dashboard2026/src/widgets/ChartPanel.tsx,tsx,dashboard2026,analyzed,yes,
F00156,dashboard2026/src/widgets/CoherencePanel.tsx,tsx,dashboard2026,analyzed,yes,
F00157,dashboard2026/src/widgets/DepthLadder.tsx,tsx,dashboard2026,analyzed,yes,
F00158,dashboard2026/src/widgets/DyonChat.tsx,tsx,dashboard2026,analyzed,yes,
F00159,dashboard2026/src/widgets/DyonLearningMode.tsx,tsx,dashboard2026,analyzed,yes,
F00160,dashboard2026/src/widgets/IndiraChat.tsx,tsx,dashboard2026,analyzed,yes,
F00161,dashboard2026/src/widgets/IndiraLearningMode.tsx,tsx,dashboard2026,analyzed,yes,
F00162,dashboard2026/src/widgets/NewsTicker.tsx,tsx,dashboard2026,analyzed,yes,
F00163,dashboard2026/src/widgets/OrderForm.tsx,tsx,dashboard2026,analyzed,yes,
F00164,dashboard2026/src/widgets/PositionsPanel.tsx,tsx,dashboard2026,analyzed,yes,
F00165,dashboard2026/src/widgets/SLTPBuilder.tsx,tsx,dashboard2026,analyzed,yes,
F00166,dashboard2026/src/widgets/TimeAndSalesTape.tsx,tsx,dashboard2026,analyzed,yes,
F00167,dashboard2026/src/widgets/ai/ASKBOrchestrator.tsx,tsx,dashboard2026,analyzed,yes,
F00168,dashboard2026/src/widgets/ai/AltSignalDashboard.tsx,tsx,dashboard2026,analyzed,yes,
F00169,dashboard2026/src/widgets/ai/CausalRiskAttribution.tsx,tsx,dashboard2026,analyzed,yes,
F00170,dashboard2026/src/widgets/ai/CounterfactualPanel.tsx,tsx,dashboard2026,analyzed,yes,
F00171,dashboard2026/src/widgets/ai/EarningsRAG.tsx,tsx,dashboard2026,analyzed,yes,
F00172,dashboard2026/src/widgets/ai/IntentExecutionPanel.tsx,tsx,dashboard2026,analyzed,yes,
F00173,dashboard2026/src/widgets/ai/MultilingualNewsFusion.tsx,tsx,dashboard2026,analyzed,yes,
F00174,dashboard2026/src/widgets/ai/NLQConsole.tsx,tsx,dashboard2026,analyzed,yes,
F00175,dashboard2026/src/widgets/ai/SmartMoneyTracker.tsx,tsx,dashboard2026,analyzed,yes,
F00176,dashboard2026/src/widgets/chart/ADXPanel.tsx,tsx,dashboard2026,analyzed,yes,
F00177,dashboard2026/src/widgets/chart/ATRPanel.tsx,tsx,dashboard2026,analyzed,yes,
F00178,dashboard2026/src/widgets/chart/ChartTypeSwitcher.tsx,tsx,dashboard2026,analyzed,yes,
F00179,dashboard2026/src/widgets/chart/DrawingToolsRail.tsx,tsx,dashboard2026,analyzed,yes,
F00180,dashboard2026/src/widgets/chart/MACDPanel.tsx,tsx,dashboard2026,analyzed,yes,
F00181,dashboard2026/src/widgets/chart/RSIPanel.tsx,tsx,dashboard2026,analyzed,yes,
F00182,dashboard2026/src/widgets/chart/StochasticPanel.tsx,tsx,dashboard2026,analyzed,yes,
F00183,dashboard2026/src/widgets/chart/VolumeProfile.tsx,tsx,dashboard2026,analyzed,yes,
F00184,dashboard2026/src/widgets/forex/CarryLadder.tsx,tsx,dashboard2026,analyzed,yes,
F00185,dashboard2026/src/widgets/forex/CentralBankRates.tsx,tsx,dashboard2026,analyzed,yes,
F00186,dashboard2026/src/widgets/forex/CurrencyStrength.tsx,tsx,dashboard2026,analyzed,yes,
F00187,dashboard2026/src/widgets/forex/EconomicCalendar.tsx,tsx,dashboard2026,analyzed,yes,
F00188,dashboard2026/src/widgets/forex/PipCalc.tsx,tsx,dashboard2026,analyzed,yes,
F00189,dashboard2026/src/widgets/forex/SessionClock.tsx,tsx,dashboard2026,analyzed,yes,
F00190,dashboard2026/src/widgets/governance/ApprovalQueueWidget.tsx,tsx,dashboard2026,analyzed,yes,
F00191,dashboard2026/src/widgets/governance/AuditLedgerViewer.tsx,tsx,dashboard2026,analyzed,yes,
F00192,dashboard2026/src/widgets/governance/DriftOraclePanel.tsx,tsx,dashboard2026,analyzed,yes,
F00193,dashboard2026/src/widgets/governance/HazardMonitorGrid.tsx,tsx,dashboard2026,analyzed,yes,
F00194,dashboard2026/src/widgets/governance/PromotionGatesPanel.tsx,tsx,dashboard2026,analyzed,yes,
F00195,dashboard2026/src/widgets/governance/SCVSLivenessGrid.tsx,tsx,dashboard2026,analyzed,yes,
F00196,dashboard2026/src/widgets/governance/StrategyRegistryFSM.tsx,tsx,dashboard2026,analyzed,yes,
F00197,dashboard2026/src/widgets/market/FearGreed.tsx,tsx,dashboard2026,analyzed,yes,
F00198,dashboard2026/src/widgets/market/HotMovers.tsx,tsx,dashboard2026,analyzed,yes,
F00199,dashboard2026/src/widgets/market/IVSurface.tsx,tsx,dashboard2026,analyzed,yes,
F00200,dashboard2026/src/widgets/market/LongShortRatio.tsx,tsx,dashboard2026,analyzed,yes,
F00201,dashboard2026/src/widgets/market/OpenInterestPanel.tsx,tsx,dashboard2026,analyzed,yes,
F00202,dashboard2026/src/widgets/market/PutCallRatio.tsx,tsx,dashboard2026,analyzed,yes,
F00203,dashboard2026/src/widgets/market/SentimentGauge.tsx,tsx,dashboard2026,analyzed,yes,
F00204,dashboard2026/src/widgets/market/Watchlist.tsx,tsx,dashboard2026,analyzed,yes,
F00205,dashboard2026/src/widgets/memecoin/BundleDetector.tsx,tsx,dashboard2026,analyzed,yes,
F00206,dashboard2026/src/widgets/memecoin/CopyLeaderboard.tsx,tsx,dashboard2026,analyzed,yes,
F00207,dashboard2026/src/widgets/memecoin/DevDumpWatchdog.tsx,tsx,dashboard2026,analyzed,yes,
F00208,dashboard2026/src/widgets/memecoin/HolderConcentration.tsx,tsx,dashboard2026,analyzed,yes,
F00209,dashboard2026/src/widgets/memecoin/HoneypotChecker.tsx,tsx,dashboard2026,analyzed,yes,
F00210,dashboard2026/src/widgets/memecoin/LaunchFirehose.tsx,tsx,dashboard2026,analyzed,yes,
F00211,dashboard2026/src/widgets/memecoin/PairCard.tsx,tsx,dashboard2026,analyzed,yes,
F00212,dashboard2026/src/widgets/memecoin/RugScore.tsx,tsx,dashboard2026,analyzed,yes,
F00213,dashboard2026/src/widgets/memecoin/SignalTracker.tsx,tsx,dashboard2026,analyzed,yes,
F00214,dashboard2026/src/widgets/memecoin/SniperQueue.tsx,tsx,dashboard2026,analyzed,yes,
F00215,dashboard2026/src/widgets/memecoin/WalletCluster.tsx,tsx,dashboard2026,analyzed,yes,
F00216,dashboard2026/src/widgets/nft/BidLadder.tsx,tsx,dashboard2026,analyzed,yes,
F00217,dashboard2026/src/widgets/nft/CollectionVolume.tsx,tsx,dashboard2026,analyzed,yes,
F00218,dashboard2026/src/widgets/nft/RarityLens.tsx,tsx,dashboard2026,analyzed,yes,
F00219,dashboard2026/src/widgets/nft/SweepCart.tsx,tsx,dashboard2026,analyzed,yes,
F00220,dashboard2026/src/widgets/nft/TraitFloorGrid.tsx,tsx,dashboard2026,analyzed,yes,
F00221,dashboard2026/src/widgets/onchain/ExchangeFlows.tsx,tsx,dashboard2026,analyzed,yes,
F00222,dashboard2026/src/widgets/onchain/OpenInterestMatrix.tsx,tsx,dashboard2026,analyzed,yes,
F00223,dashboard2026/src/widgets/onchain/StablecoinSupply.tsx,tsx,dashboard2026,analyzed,yes,
F00224,dashboard2026/src/widgets/onchain/TVLDashboard.tsx,tsx,dashboard2026,analyzed,yes,
F00225,dashboard2026/src/widgets/onchain/WhaleWatcher.tsx,tsx,dashboard2026,analyzed,yes,
F00226,dashboard2026/src/widgets/orderflow/AggressorRatio.tsx,tsx,dashboard2026,analyzed,yes,
F00227,dashboard2026/src/widgets/orderflow/CVDChart.tsx,tsx,dashboard2026,analyzed,yes,
F00228,dashboard2026/src/widgets/orderflow/DOMClickLadder.tsx,tsx,dashboard2026,analyzed,yes,
F00229,dashboard2026/src/widgets/orderflow/FootprintChart.tsx,tsx,dashboard2026,analyzed,yes,
F00230,dashboard2026/src/widgets/orderflow/LiquidityHeatmap.tsx,tsx,dashboard2026,analyzed,yes,
F00231,dashboard2026/src/widgets/orderflow/SweepIcebergMonitor.tsx,tsx,dashboard2026,analyzed,yes,
F00232,dashboard2026/src/widgets/positions/DrawdownCurve.tsx,tsx,dashboard2026,analyzed,yes,
F00233,dashboard2026/src/widgets/positions/ExposureBreakdown.tsx,tsx,dashboard2026,analyzed,yes,
F00234,dashboard2026/src/widgets/positions/FillsHistory.tsx,tsx,dashboard2026,analyzed,yes,
F00235,dashboard2026/src/widgets/positions/FundingHistory.tsx,tsx,dashboard2026,analyzed,yes,
F00236,dashboard2026/src/widgets/positions/IntradayPnLCurve.tsx,tsx,dashboard2026,analyzed,yes,
F00237,dashboard2026/src/widgets/positions/OpenOrdersPanel.tsx,tsx,dashboard2026,analyzed,yes,
F00238,dashboard2026/src/widgets/positions/RiskParityAllocator.tsx,tsx,dashboard2026,analyzed,yes,
F00239,dashboard2026/src/widgets/risk/CorrelationMatrix.tsx,tsx,dashboard2026,analyzed,yes,
F00240,dashboard2026/src/widgets/risk/GreeksPanel.tsx,tsx,dashboard2026,analyzed,yes,
F00241,dashboard2026/src/widgets/risk/LiqCalc.tsx,tsx,dashboard2026,analyzed,yes,
F00242,dashboard2026/src/widgets/risk/OptionsChain.tsx,tsx,dashboard2026,analyzed,yes,
F00243,dashboard2026/src/widgets/risk/ScenarioBook.tsx,tsx,dashboard2026,analyzed,yes,
F00244,dashboard2026/src/widgets/stocks/AnalystRatings.tsx,tsx,dashboard2026,analyzed,yes,
F00245,dashboard2026/src/widgets/stocks/Fundamentals.tsx,tsx,dashboard2026,analyzed,yes,
F00246,dashboard2026/src/widgets/stocks/InsiderTransactions.tsx,tsx,dashboard2026,analyzed,yes,
F00247,dashboard2026/src/widgets/stocks/SectorHeatmap.tsx,tsx,dashboard2026,analyzed,yes,
F00248,dashboard2026/src/widgets/stocks/ShortInterest.tsx,tsx,dashboard2026,analyzed,yes,
F00249,dashboard2026/src/widgets/testing/Backtester.tsx,tsx,dashboard2026,analyzed,yes,
F00250,dashboard2026/src/widgets/testing/CalibrationReliability.tsx,tsx,dashboard2026,analyzed,yes,
F00251,dashboard2026/src/widgets/testing/ChampionChallenger.tsx,tsx,dashboard2026,analyzed,yes,
F00252,dashboard2026/src/widgets/testing/EquityCurveStudio.tsx,tsx,dashboard2026,analyzed,yes,
F00253,dashboard2026/src/widgets/testing/ForwardTester.tsx,tsx,dashboard2026,analyzed,yes,
F00254,dashboard2026/src/widgets/testing/MonteCarloPaths.tsx,tsx,dashboard2026,analyzed,yes,
F00255,dashboard2026/src/widgets/testing/ParameterSweep.tsx,tsx,dashboard2026,analyzed,yes,
F00256,dashboard2026/src/widgets/testing/RegimeShiftBoard.tsx,tsx,dashboard2026,analyzed,yes,
F00257,dashboard2026/src/widgets/testing/ReplayHarness.tsx,tsx,dashboard2026,analyzed,yes,
F00258,dashboard2026/src/widgets/testing/WalkForwardHarness.tsx,tsx,dashboard2026,analyzed,yes,
F00259,dashboard2026/src/widgets/trading/AlgoOrderBuilder.tsx,tsx,dashboard2026,analyzed,yes,
F00260,dashboard2026/src/widgets/trading/BasketOrderEditor.tsx,tsx,dashboard2026,analyzed,yes,
F00261,dashboard2026/src/widgets/trading/ConditionalBracketBuilder.tsx,tsx,dashboard2026,analyzed,yes,
F00262,dashboard2026/src/widgets/trading/OrderHotkeysPanel.tsx,tsx,dashboard2026,analyzed,yes,
F00263,dashboard2026/src/widgets/trading/PreTradeSlippageSim.tsx,tsx,dashboard2026,analyzed,yes,
F00264,dashboard2026/tailwind.config.js,js,dashboard2026,analyzed,yes,
F00265,dashboard2026/tsconfig.app.json,json,dashboard2026,analyzed,yes,
F00266,dashboard2026/tsconfig.json,json,dashboard2026,analyzed,yes,
F00267,dashboard2026/tsconfig.node.json,json,dashboard2026,analyzed,yes,
F00268,dashboard2026/vite.config.ts,ts,dashboard2026,analyzed,yes,
F00269,dashboard_backend/__init__.py,python,dashboard_backend,analyzed,yes,
F00270,dashboard_backend/control_plane/__init__.py,python,dashboard_backend,analyzed,yes,
F00271,dashboard_backend/control_plane/decision_trace.py,python,dashboard_backend,analyzed,yes,ruff-format:FORMAT
F00272,dashboard_backend/control_plane/engine_status_grid.py,python,dashboard_backend,analyzed,yes,
F00273,dashboard_backend/control_plane/memecoin_control_panel.py,python,dashboard_backend,analyzed,yes,ruff-format:FORMAT
F00274,dashboard_backend/control_plane/mode_control_bar.py,python,dashboard_backend,analyzed,yes,ruff-format:FORMAT
F00275,dashboard_backend/control_plane/router.py,python,dashboard_backend,analyzed,yes,ruff-format:FORMAT
F00276,dashboard_backend/control_plane/strategy_lifecycle_panel.py,python,dashboard_backend,analyzed,yes,
F00277,docs/CAUSAL_CONTRACT.md,doc-markdown,docs,analyzed,yes,
F00278,docs/PR2_SPEC.md,doc-markdown,docs,analyzed,yes,
F00279,docs/build_status.md,doc-markdown,docs,analyzed,yes,
F00280,docs/canonical_pipeline.md,doc-markdown,docs,analyzed,yes,
F00281,docs/dashboard_2026_wave03_cognitive_plan.md,doc-markdown,docs,analyzed,yes,
F00282,docs/dependency_roadmap.md,doc-markdown,docs,analyzed,yes,
F00283,docs/directory_tree.md,doc-markdown,docs,analyzed,yes,
F00284,docs/manifest_v3.1_delta.md,doc-markdown,docs,analyzed,yes,
F00285,docs/manifest_v3.2_delta.md,doc-markdown,docs,analyzed,yes,
F00286,docs/manifest_v3.3_delta.md,doc-markdown,docs,analyzed,yes,
F00287,docs/manifest_v3.4_delta.md,doc-markdown,docs,analyzed,yes,
F00288,docs/manifest_v3.5.1_delta.md,doc-markdown,docs,analyzed,yes,
F00289,docs/manifest_v3.5.2_delta.md,doc-markdown,docs,analyzed,yes,
F00290,docs/manifest_v3.5.3_delta.md,doc-markdown,docs,analyzed,yes,
F00291,docs/manifest_v3.5.4_delta.md,doc-markdown,docs,analyzed,yes,
F00292,docs/manifest_v3.5.5_delta.md,doc-markdown,docs,analyzed,yes,
F00293,docs/manifest_v3.5_delta.md,doc-markdown,docs,analyzed,yes,
F00294,docs/manifest_v3.6.0_delta.md,doc-markdown,docs,analyzed,yes,
F00295,docs/manifest_v3.6.1_delta.md,doc-markdown,docs,analyzed,yes,
F00296,docs/manifest_v3.6.2_delta.md,doc-markdown,docs,analyzed,yes,
F00297,docs/manifest_v3.6.3_delta.md,doc-markdown,docs,analyzed,yes,
F00298,docs/manifest_v3.6.4_delta.md,doc-markdown,docs,analyzed,yes,
F00299,docs/promotion_gates.yaml,doc-yaml,docs,analyzed,yes,
F00300,docs/rust_revival_schedule.yaml,doc-yaml,docs,analyzed,yes,
F00301,docs/wave_04_6_plan.md,doc-markdown,docs,analyzed,yes,
F00302,enforcement/__init__.py,python,enforcement,analyzed,yes,
F00303,evolution_engine/__init__.py,python,evolution_engine,analyzed,yes,
F00304,evolution_engine/engine.py,python,evolution_engine,analyzed,yes,ruff-format:FORMAT
F00305,evolution_engine/intelligence_loops/__init__.py,python,evolution_engine,analyzed,yes,
F00306,evolution_engine/intelligence_loops/mutation_proposer.py,python,evolution_engine,analyzed,yes,ruff-format:FORMAT
F00307,evolution_engine/patch_pipeline/__init__.py,python,evolution_engine,analyzed,yes,
F00308,evolution_engine/patch_pipeline/backtest.py,python,evolution_engine,analyzed,yes,ruff-format:FORMAT
F00309,evolution_engine/patch_pipeline/canary.py,python,evolution_engine,analyzed,yes,ruff-format:FORMAT
F00310,evolution_engine/patch_pipeline/events.py,python,evolution_engine,analyzed,yes,ruff-format:FORMAT
F00311,evolution_engine/patch_pipeline/orchestrator.py,python,evolution_engine,analyzed,yes,ruff-format:FORMAT
F00312,evolution_engine/patch_pipeline/pipeline.py,python,evolution_engine,analyzed,yes,ruff-format:FORMAT
F00313,evolution_engine/patch_pipeline/rollback.py,python,evolution_engine,analyzed,yes,
F00314,evolution_engine/patch_pipeline/sandbox.py,python,evolution_engine,analyzed,yes,ruff-format:FORMAT
F00315,evolution_engine/patch_pipeline/shadow.py,python,evolution_engine,analyzed,yes,ruff-format:FORMAT
F00316,evolution_engine/patch_pipeline/static_analysis.py,python,evolution_engine,analyzed,yes,ruff-format:FORMAT
F00317,execution_engine/__init__.py,python,execution_engine,analyzed,yes,
F00318,execution_engine/adapters/__init__.py,python,execution_engine,analyzed,yes,
F00319,execution_engine/adapters/_hummingbot_gateway.py,python,execution_engine,analyzed,yes,ruff-format:FORMAT
F00320,execution_engine/adapters/_live_base.py,python,execution_engine,analyzed,yes,
F00321,execution_engine/adapters/_uniswapx_quote.py,python,execution_engine,analyzed,yes,ruff-format:FORMAT
F00322,execution_engine/adapters/_uniswapx_signer.py,python,execution_engine,analyzed,yes,ruff-format:FORMAT
F00323,execution_engine/adapters/base.py,python,execution_engine,analyzed,yes,
F00324,execution_engine/adapters/hummingbot.py,python,execution_engine,analyzed,yes,ruff-format:FORMAT
F00325,execution_engine/adapters/paper.py,python,execution_engine,analyzed,yes,
F00326,execution_engine/adapters/pumpfun.py,python,execution_engine,analyzed,yes,ruff-format:FORMAT
F00327,execution_engine/adapters/registry.py,python,execution_engine,analyzed,yes,ruff-format:FORMAT
F00328,execution_engine/adapters/router.py,python,execution_engine,analyzed,yes,ruff-format:FORMAT
F00329,execution_engine/adapters/uniswapx.py,python,execution_engine,analyzed,yes,ruff-format:FORMAT
F00330,execution_engine/engine.py,python,execution_engine,analyzed,yes,ruff-format:FORMAT
F00331,execution_engine/execution_gate.py,python,execution_engine,analyzed,yes,ruff-format:FORMAT
F00332,execution_engine/hot_path/__init__.py,python,execution_engine,analyzed,yes,
F00333,execution_engine/hot_path/fast_execute.py,python,execution_engine,analyzed,yes,
F00334,execution_engine/lifecycle/__init__.py,python,execution_engine,analyzed,yes,
F00335,execution_engine/lifecycle/fill_handler.py,python,execution_engine,analyzed,yes,ruff-format:FORMAT
F00336,execution_engine/lifecycle/order_state_machine.py,python,execution_engine,analyzed,yes,
F00337,execution_engine/lifecycle/partial_fill_resolver.py,python,execution_engine,analyzed,yes,ruff-format:FORMAT
F00338,execution_engine/lifecycle/retry_logic.py,python,execution_engine,analyzed,yes,ruff-format:FORMAT
F00339,execution_engine/lifecycle/sl_tp_manager.py,python,execution_engine,analyzed,yes,
F00340,execution_engine/protections/__init__.py,python,execution_engine,analyzed,yes,
F00341,execution_engine/protections/feedback.py,python,execution_engine,analyzed,yes,
F00342,execution_engine/protections/runtime_monitor.py,python,execution_engine,analyzed,yes,ruff-format:FORMAT
F00343,execution_engine/strategic/__init__.py,python,execution_engine,analyzed,yes,
F00344,execution_engine/strategic/almgren_chriss.py,python,execution_engine,analyzed,yes,ruff-format:FORMAT
F00345,governance_engine/__init__.py,python,governance_engine,analyzed,yes,
F00346,governance_engine/control_plane/__init__.py,python,governance_engine,analyzed,yes,
F00347,governance_engine/control_plane/compliance_validator.py,python,governance_engine,analyzed,yes,ruff-format:FORMAT
F00348,governance_engine/control_plane/decision_signer.py,python,governance_engine,analyzed,yes,ruff-format:FORMAT
F00349,governance_engine/control_plane/drift_oracle.py,python,governance_engine,analyzed,yes,ruff-format:FORMAT
F00350,governance_engine/control_plane/event_classifier.py,python,governance_engine,analyzed,yes,ruff-format:FORMAT
F00351,governance_engine/control_plane/ledger_authority_writer.py,python,governance_engine,analyzed,yes,ruff-format:FORMAT
F00352,governance_engine/control_plane/operator_attention.py,python,governance_engine,analyzed,yes,
F00353,governance_engine/control_plane/operator_interface_bridge.py,python,governance_engine,analyzed,yes,ruff-format:FORMAT
F00354,governance_engine/control_plane/policy_engine.py,python,governance_engine,analyzed,yes,ruff-format:FORMAT
F00355,governance_engine/control_plane/policy_hash_anchor.py,python,governance_engine,analyzed,yes,ruff-format:FORMAT
F00356,governance_engine/control_plane/promotion_gates.py,python,governance_engine,analyzed,yes,ruff-format:FORMAT
F00357,governance_engine/control_plane/risk_evaluator.py,python,governance_engine,analyzed,yes,ruff-format:FORMAT
F00358,governance_engine/control_plane/state_transition_manager.py,python,governance_engine,analyzed,yes,ruff-format:FORMAT
F00359,governance_engine/control_plane/update_applier.py,python,governance_engine,analyzed,yes,ruff-format:FORMAT
F00360,governance_engine/control_plane/update_validator.py,python,governance_engine,analyzed,yes,ruff-format:FORMAT
F00361,governance_engine/engine.py,python,governance_engine,analyzed,yes,ruff-format:FORMAT
F00362,governance_engine/harness_approver.py,python,governance_engine,analyzed,yes,ruff-format:FORMAT
F00363,governance_engine/services/__init__.py,python,governance_engine,analyzed,yes,
F00364,governance_engine/services/patch_pipeline_bridge.py,python,governance_engine,analyzed,yes,ruff-format:FORMAT
F00365,governance_engine/strategy_registry.py,python,governance_engine,analyzed,yes,ruff-format:FORMAT
F00366,immutable_core/__init__.py,python,immutable_core,analyzed,yes,
F00367,immutable_core/axioms.py,python,immutable_core,analyzed,yes,
F00368,intelligence_engine/__init__.py,python,intelligence_engine,analyzed,yes,
F00369,intelligence_engine/cognitive/__init__.py,python,intelligence_engine,analyzed,yes,
F00370,intelligence_engine/cognitive/approval_edge.py,python,intelligence_engine,analyzed,yes,ruff-format:FORMAT
F00371,intelligence_engine/cognitive/approval_projection.py,python,intelligence_engine,analyzed,yes,ruff-format:FORMAT
F00372,intelligence_engine/cognitive/approval_queue.py,python,intelligence_engine,analyzed,yes,ruff-format:FORMAT
F00373,intelligence_engine/cognitive/chat/__init__.py,python,intelligence_engine,analyzed,yes,
F00374,intelligence_engine/cognitive/chat/cognitive_chat_graph.py,python,intelligence_engine,analyzed,yes,ruff-format:FORMAT
F00375,intelligence_engine/cognitive/chat/consumes.yaml,yaml,intelligence_engine,analyzed,yes,
F00376,intelligence_engine/cognitive/chat/http_chat_transport.py,python,intelligence_engine,analyzed,yes,ruff-format:FORMAT
F00377,intelligence_engine/cognitive/chat/registry_driven_chat_model.py,python,intelligence_engine,analyzed,yes,ruff-format:FORMAT;vulture:DEAD
F00378,intelligence_engine/cognitive/checkpointing/__init__.py,python,intelligence_engine,analyzed,yes,
F00379,intelligence_engine/cognitive/checkpointing/audit_ledger_checkpoint_saver.py,python,intelligence_engine,analyzed,yes,
F00380,intelligence_engine/cognitive/proposal_parser.py,python,intelligence_engine,analyzed,yes,
F00381,intelligence_engine/engine.py,python,intelligence_engine,analyzed,yes,ruff-format:FORMAT
F00382,intelligence_engine/knowledge/__init__.py,python,intelligence_engine,analyzed,yes,
F00383,intelligence_engine/knowledge/news_index.py,python,intelligence_engine,analyzed,yes,
F00384,intelligence_engine/learning/__init__.py,python,intelligence_engine,analyzed,yes,
F00385,intelligence_engine/learning/slow_loop.py,python,intelligence_engine,analyzed,yes,ruff-format:FORMAT
F00386,intelligence_engine/learning_interface.py,python,intelligence_engine,analyzed,yes,ruff-format:FORMAT
F00387,intelligence_engine/mcp/__init__.py,python,intelligence_engine,analyzed,yes,
F00388,intelligence_engine/mcp/opennews.py,python,intelligence_engine,analyzed,yes,ruff-format:FORMAT
F00389,intelligence_engine/meta_controller/__init__.py,python,intelligence_engine,analyzed,yes,
F00390,intelligence_engine/meta_controller/allocation/__init__.py,python,intelligence_engine,analyzed,yes,
F00391,intelligence_engine/meta_controller/allocation/position_sizer.py,python,intelligence_engine,analyzed,yes,ruff-format:FORMAT
F00392,intelligence_engine/meta_controller/config.py,python,intelligence_engine,analyzed,yes,
F00393,intelligence_engine/meta_controller/evaluation/__init__.py,python,intelligence_engine,analyzed,yes,
F00394,intelligence_engine/meta_controller/evaluation/confidence_engine.py,python,intelligence_engine,analyzed,yes,ruff-format:FORMAT
F00395,intelligence_engine/meta_controller/hot_path.py,python,intelligence_engine,analyzed,yes,
F00396,intelligence_engine/meta_controller/orchestrator.py,python,intelligence_engine,analyzed,yes,ruff-format:FORMAT
F00397,intelligence_engine/meta_controller/perception/__init__.py,python,intelligence_engine,analyzed,yes,
F00398,intelligence_engine/meta_controller/perception/regime_router.py,python,intelligence_engine,analyzed,yes,ruff-format:FORMAT
F00399,intelligence_engine/meta_controller/policy/__init__.py,python,intelligence_engine,analyzed,yes,
F00400,intelligence_engine/meta_controller/policy/execution_policy.py,python,intelligence_engine,analyzed,yes,ruff-format:FORMAT
F00401,intelligence_engine/meta_controller/policy/shadow_policy.py,python,intelligence_engine,analyzed,yes,
F00402,intelligence_engine/meta_controller/runtime_adapter.py,python,intelligence_engine,analyzed,yes,
F00403,intelligence_engine/news/__init__.py,python,intelligence_engine,analyzed,yes,
F00404,intelligence_engine/news/news_projection.py,python,intelligence_engine,analyzed,yes,
F00405,intelligence_engine/plugins/__init__.py,python,intelligence_engine,analyzed,yes,
F00406,intelligence_engine/plugins/microstructure/__init__.py,python,intelligence_engine,analyzed,yes,
F00407,intelligence_engine/plugins/microstructure/microstructure_v1.py,python,intelligence_engine,analyzed,yes,
F00408,intelligence_engine/runtime_context.py,python,intelligence_engine,analyzed,yes,
F00409,intelligence_engine/runtime_context_builder.py,python,intelligence_engine,analyzed,yes,ruff-format:FORMAT
F00410,intelligence_engine/signal_pipeline.py,python,intelligence_engine,analyzed,yes,
F00411,intelligence_engine/strategy_library/__init__.py,python,intelligence_engine,analyzed,yes,
F00412,intelligence_engine/strategy_library/components.py,python,intelligence_engine,analyzed,yes,
F00413,intelligence_engine/strategy_library/decomposition.py,python,intelligence_engine,analyzed,yes,
F00414,intelligence_engine/strategy_library/registry.py,python,intelligence_engine,analyzed,yes,ruff-format:FORMAT
F00415,intelligence_engine/strategy_runtime/__init__.py,python,intelligence_engine,analyzed,yes,
F00416,intelligence_engine/strategy_runtime/conflict_resolver.py,python,intelligence_engine,analyzed,yes,
F00417,intelligence_engine/strategy_runtime/orchestrator.py,python,intelligence_engine,analyzed,yes,ruff-format:FORMAT
F00418,intelligence_engine/strategy_runtime/regime_detector.py,python,intelligence_engine,analyzed,yes,ruff-format:FORMAT
F00419,intelligence_engine/strategy_runtime/scheduler.py,python,intelligence_engine,analyzed,yes,ruff-format:FORMAT
F00420,intelligence_engine/strategy_runtime/state_machine.py,python,intelligence_engine,analyzed,yes,ruff-format:FORMAT
F00421,intelligence_engine/trader_modeling/__init__.py,python,intelligence_engine,analyzed,yes,
F00422,intelligence_engine/trader_modeling/aggregator.py,python,intelligence_engine,analyzed,yes,ruff-format:FORMAT
F00423,intelligence_engine/trader_modeling/consumes.yaml,yaml,intelligence_engine,analyzed,yes,
F00424,intelligence_engine/trader_modeling/observation.py,python,intelligence_engine,analyzed,yes,ruff-format:FORMAT
F00425,learning_engine/__init__.py,python,learning_engine,analyzed,yes,
F00426,learning_engine/calibration/__init__.py,python,learning_engine,analyzed,yes,
F00427,learning_engine/calibration/coherence_calibrator.py,python,learning_engine,analyzed,yes,ruff-format:FORMAT
F00428,learning_engine/engine.py,python,learning_engine,analyzed,yes,ruff-format:FORMAT
F00429,learning_engine/lanes/__init__.py,python,learning_engine,analyzed,yes,
F00430,learning_engine/lanes/patch_outcome_feedback.py,python,learning_engine,analyzed,yes,ruff-format:FORMAT
F00431,learning_engine/lanes/reward_shaping.py,python,learning_engine,analyzed,yes,ruff-format:FORMAT
F00432,learning_engine/lanes/weight_adjuster.py,python,learning_engine,analyzed,yes,ruff-format:FORMAT
F00433,learning_engine/update_emitter.py,python,learning_engine,analyzed,yes,ruff-format:FORMAT
F00434,pyproject.toml,toml,_root,analyzed,yes,
F00435,registry/authority_matrix.yaml,registry-yaml,registry,analyzed,yes,
F00436,registry/confidence.yaml,registry-yaml,registry,analyzed,yes,
F00437,registry/constraint_rules.yaml,registry-yaml,registry,analyzed,yes,
F00438,registry/data_source_registry.yaml,registry-yaml,registry,analyzed,yes,
F00439,registry/engines.yaml,registry-yaml,registry,analyzed,yes,
F00440,registry/plugins.yaml,registry-yaml,registry,analyzed,yes,
F00441,registry/position_sizer.yaml,registry-yaml,registry,analyzed,yes,
F00442,registry/pressure.yaml,registry-yaml,registry,analyzed,yes,
F00443,registry/regime.yaml,registry-yaml,registry,analyzed,yes,
F00444,registry/reward_shaping.yaml,registry-yaml,registry,analyzed,yes,
F00445,requirements-dev.txt,text,_root,analyzed,yes,
F00446,requirements.txt,text,_root,analyzed,yes,
F00447,scripts/check_credentials.py,python,scripts,analyzed,yes,ruff-format:FORMAT
F00448,scripts/windows/install_desktop_shortcut.ps1,powershell,scripts,analyzed,yes,
F00449,scripts/windows/install_desktop_shortcut_meme.ps1,powershell,scripts,analyzed,yes,
F00450,scripts/windows/start_dixvision.bat,batch,scripts,analyzed,yes,
F00451,scripts/windows/start_dixvision_meme.bat,batch,scripts,analyzed,yes,
F00452,scripts/windows/stop_dixvision.bat,batch,scripts,analyzed,yes,
F00453,sensory/__init__.py,python,sensory,analyzed,yes,
F00454,sensory/alt/__init__.py,python,sensory,analyzed,yes,
F00455,sensory/alt/contracts.py,python,sensory,analyzed,yes,ruff-format:FORMAT
F00456,sensory/cognitive/__init__.py,python,sensory,analyzed,yes,
F00457,sensory/cognitive/contracts.py,python,sensory,analyzed,yes,ruff-format:FORMAT
F00458,sensory/dev/__init__.py,python,sensory,analyzed,yes,
F00459,sensory/dev/contracts.py,python,sensory,analyzed,yes,ruff-format:FORMAT
F00460,sensory/neuromorphic/__init__.py,python,sensory,analyzed,yes,
F00461,sensory/neuromorphic/contracts.py,python,sensory,analyzed,yes,ruff-format:FORMAT
F00462,sensory/neuromorphic/dyon_anomaly.py,python,sensory,analyzed,yes,ruff-format:FORMAT
F00463,sensory/neuromorphic/governance_risk.py,python,sensory,analyzed,yes,ruff-format:FORMAT
F00464,sensory/neuromorphic/indira_signal.py,python,sensory,analyzed,yes,ruff-format:FORMAT
F00465,sensory/onchain/__init__.py,python,sensory,analyzed,yes,
F00466,sensory/onchain/contracts.py,python,sensory,analyzed,yes,ruff-format:FORMAT
F00467,sensory/regulatory/__init__.py,python,sensory,analyzed,yes,
F00468,sensory/regulatory/contracts.py,python,sensory,analyzed,yes,ruff-format:FORMAT
F00469,sensory/web_autolearn/__init__.py,python,sensory,analyzed,yes,
F00470,sensory/web_autolearn/ai_filter.py,python,sensory,analyzed,yes,ruff-format:FORMAT
F00471,sensory/web_autolearn/contracts.py,python,sensory,analyzed,yes,ruff-format:FORMAT
F00472,sensory/web_autolearn/crawler.py,python,sensory,analyzed,yes,ruff-format:FORMAT
F00473,sensory/web_autolearn/curator.py,python,sensory,analyzed,yes,ruff-format:FORMAT
F00474,sensory/web_autolearn/pending_buffer.py,python,sensory,analyzed,yes,ruff-format:FORMAT
F00475,sensory/web_autolearn/seeds.yaml,yaml,sensory,analyzed,yes,
F00476,state/__init__.py,python,state,analyzed,yes,
F00477,state/ledger/__init__.py,python,state,analyzed,yes,
F00478,state/ledger/reader.py,python,state,analyzed,yes,ruff-format:FORMAT
F00479,system/__init__.py,python,system,analyzed,yes,
F00480,system/kill_switch.py,python,system,analyzed,yes,
F00481,system/time_source.py,python,system,analyzed,yes,ruff-format:FORMAT
F00482,system_engine/__init__.py,python,system_engine,analyzed,yes,
F00483,system_engine/authority/__init__.py,python,system_engine,analyzed,yes,
F00484,system_engine/authority/matrix.py,python,system_engine,analyzed,yes,ruff-format:FORMAT
F00485,system_engine/coupling/__init__.py,python,system_engine,analyzed,yes,
F00486,system_engine/coupling/hazard_throttle.py,python,system_engine,analyzed,yes,ruff-format:FORMAT
F00487,system_engine/coupling/hazard_throttle_adapter.py,python,system_engine,analyzed,yes,ruff-format:FORMAT
F00488,system_engine/coupling/risk_snapshot_throttle.py,python,system_engine,analyzed,yes,ruff-format:FORMAT
F00489,system_engine/credentials/__init__.py,python,system_engine,analyzed,yes,
F00490,system_engine/credentials/dotenv_io.py,python,system_engine,analyzed,yes,ruff-format:FORMAT
F00491,system_engine/credentials/manifest.py,python,system_engine,analyzed,yes,ruff-format:FORMAT
F00492,system_engine/credentials/status.py,python,system_engine,analyzed,yes,ruff-format:FORMAT
F00493,system_engine/credentials/storage.py,python,system_engine,analyzed,yes,
F00494,system_engine/credentials/verifiers.py,python,system_engine,analyzed,yes,ruff-format:FORMAT
F00495,system_engine/engine.py,python,system_engine,analyzed,yes,ruff-format:FORMAT
F00496,system_engine/hazard_sensors/__init__.py,python,system_engine,analyzed,yes,
F00497,system_engine/hazard_sensors/clock_drift.py,python,system_engine,analyzed,yes,ruff-format:FORMAT
F00498,system_engine/hazard_sensors/exchange_unreachable.py,python,system_engine,analyzed,yes,
F00499,system_engine/hazard_sensors/heartbeat_missed.py,python,system_engine,analyzed,yes,
F00500,system_engine/hazard_sensors/latency_spike.py,python,system_engine,analyzed,yes,
F00501,system_engine/hazard_sensors/market_anomaly.py,python,system_engine,analyzed,yes,
F00502,system_engine/hazard_sensors/memory_overflow.py,python,system_engine,analyzed,yes,
F00503,system_engine/hazard_sensors/news_shock.py,python,system_engine,analyzed,yes,ruff-format:FORMAT
F00504,system_engine/hazard_sensors/order_flood.py,python,system_engine,analyzed,yes,
F00505,system_engine/hazard_sensors/risk_snapshot_stale.py,python,system_engine,analyzed,yes,
F00506,system_engine/hazard_sensors/runtime_breaker_open.py,python,system_engine,analyzed,yes,
F00507,system_engine/hazard_sensors/sensor_array.py,python,system_engine,analyzed,yes,ruff-format:FORMAT
F00508,system_engine/hazard_sensors/stale_data.py,python,system_engine,analyzed,yes,
F00509,system_engine/hazard_sensors/system_anomaly.py,python,system_engine,analyzed,yes,
F00510,system_engine/hazard_sensors/ws_timeout.py,python,system_engine,analyzed,yes,
F00511,system_engine/health_monitors/__init__.py,python,system_engine,analyzed,yes,
F00512,system_engine/health_monitors/heartbeat.py,python,system_engine,analyzed,yes,
F00513,system_engine/health_monitors/liveness.py,python,system_engine,analyzed,yes,ruff-format:FORMAT
F00514,system_engine/health_monitors/watchdog.py,python,system_engine,analyzed,yes,
F00515,system_engine/scvs/__init__.py,python,system_engine,analyzed,yes,
F00516,system_engine/scvs/ai_validator.py,python,system_engine,analyzed,yes,
F00517,system_engine/scvs/consumption_tracker.py,python,system_engine,analyzed,yes,ruff-format:FORMAT
F00518,system_engine/scvs/fallback_audit.py,python,system_engine,analyzed,yes,
F00519,system_engine/scvs/lint.py,python,system_engine,analyzed,yes,
F00520,system_engine/scvs/schema_guard.py,python,system_engine,analyzed,yes,ruff-format:FORMAT
F00521,system_engine/scvs/source_manager.py,python,system_engine,analyzed,yes,ruff-format:FORMAT
F00522,system_engine/scvs/source_registry.py,python,system_engine,analyzed,yes,ruff-format:FORMAT
F00523,system_engine/state/__init__.py,python,system_engine,analyzed,yes,
F00524,system_engine/state/anomaly_detector.py,python,system_engine,analyzed,yes,
F00525,system_engine/state/drift_monitor.py,python,system_engine,analyzed,yes,
F00526,system_engine/state/system_state.py,python,system_engine,analyzed,yes,ruff-format:FORMAT
F00527,tests/__init__.py,test-python,tests,analyzed,yes,
F00528,tests/conftest.py,test-python,tests,analyzed,yes,
F00529,tests/dashboard_backend/__init__.py,test-python,tests,analyzed,yes,
F00530,tests/dashboard_backend/control_plane/__init__.py,test-python,tests,analyzed,yes,
F00531,tests/dashboard_backend/control_plane/conftest.py,test-python,tests,analyzed,yes,ruff-format:FORMAT
F00532,tests/dashboard_backend/control_plane/test_decision_trace.py,test-python,tests,analyzed,yes,
F00533,tests/dashboard_backend/control_plane/test_engine_status_grid.py,test-python,tests,analyzed,yes,ruff-format:FORMAT
F00534,tests/dashboard_backend/control_plane/test_memecoin_control_panel.py,test-python,tests,analyzed,yes,ruff-format:FORMAT
F00535,tests/dashboard_backend/control_plane/test_mode_control_bar.py,test-python,tests,analyzed,yes,
F00536,tests/dashboard_backend/control_plane/test_router.py,test-python,tests,analyzed,yes,
F00537,tests/dashboard_backend/control_plane/test_strategy_lifecycle_panel.py,test-python,tests,analyzed,yes,
F00538,tests/sensory/__init__.py,test-python,tests,analyzed,yes,
F00539,tests/sensory/alt/__init__.py,test-python,tests,analyzed,yes,
F00540,tests/sensory/alt/test_contracts.py,test-python,tests,analyzed,yes,
F00541,tests/sensory/cognitive/__init__.py,test-python,tests,analyzed,yes,
F00542,tests/sensory/cognitive/test_contracts.py,test-python,tests,analyzed,yes,
F00543,tests/sensory/dev/__init__.py,test-python,tests,analyzed,yes,
F00544,tests/sensory/dev/test_contracts.py,test-python,tests,analyzed,yes,
F00545,tests/sensory/neuromorphic/__init__.py,test-python,tests,analyzed,yes,
F00546,tests/sensory/neuromorphic/test_contracts.py,test-python,tests,analyzed,yes,ruff-format:FORMAT
F00547,tests/sensory/neuromorphic/test_dyon_anomaly.py,test-python,tests,analyzed,yes,
F00548,tests/sensory/neuromorphic/test_governance_risk.py,test-python,tests,analyzed,yes,
F00549,tests/sensory/neuromorphic/test_indira_signal.py,test-python,tests,analyzed,yes,
F00550,tests/sensory/onchain/__init__.py,test-python,tests,analyzed,yes,
F00551,tests/sensory/onchain/test_contracts.py,test-python,tests,analyzed,yes,
F00552,tests/sensory/regulatory/__init__.py,test-python,tests,analyzed,yes,
F00553,tests/sensory/regulatory/test_contracts.py,test-python,tests,analyzed,yes,
F00554,tests/sensory/web_autolearn/__init__.py,test-python,tests,analyzed,yes,
F00555,tests/sensory/web_autolearn/test_ai_filter.py,test-python,tests,analyzed,yes,
F00556,tests/sensory/web_autolearn/test_contracts.py,test-python,tests,analyzed,yes,ruff-format:FORMAT
F00557,tests/sensory/web_autolearn/test_crawler.py,test-python,tests,analyzed,yes,
F00558,tests/sensory/web_autolearn/test_curator.py,test-python,tests,analyzed,yes,ruff-format:FORMAT
F00559,tests/sensory/web_autolearn/test_pending_buffer.py,test-python,tests,analyzed,yes,ruff-format:FORMAT
F00560,tests/sensory/web_autolearn/test_seeds_yaml.py,test-python,tests,analyzed,yes,ruff-format:FORMAT
F00561,tests/test_adapter_registry.py,test-python,tests,analyzed,yes,
F00562,tests/test_adapter_registry_lazy_uniswapx.py,test-python,tests,analyzed,yes,ruff-format:FORMAT
F00563,tests/test_adapter_router.py,test-python,tests,analyzed,yes,ruff-format:FORMAT
F00564,tests/test_approval_edge.py,test-python,tests,analyzed,yes,ruff-format:FORMAT
F00565,tests/test_approval_projection.py,test-python,tests,analyzed,yes,ruff-format:FORMAT
F00566,tests/test_approval_queue.py,test-python,tests,analyzed,yes,
F00567,tests/test_audit_ledger_checkpoint_saver.py,test-python,tests,analyzed,yes,ruff-format:FORMAT
F00568,tests/test_authority_lint.py,test-python,tests,analyzed,yes,ruff-format:FORMAT
F00569,tests/test_authority_lint_b23.py,test-python,tests,analyzed,yes,ruff-format:FORMAT
F00570,tests/test_authority_matrix.py,test-python,tests,analyzed,yes,ruff-format:FORMAT
F00571,tests/test_authority_symmetry.py,test-python,tests,analyzed,yes,ruff-format:FORMAT
F00572,tests/test_b30_belief_state_unify.py,test-python,tests,analyzed,yes,ruff-format:FORMAT
F00573,tests/test_binance_public_ws.py,test-python,tests,analyzed,yes,ruff-format:FORMAT
F00574,tests/test_bls_http_parser.py,test-python,tests,analyzed,yes,ruff-format:FORMAT
F00575,tests/test_bls_http_pump.py,test-python,tests,analyzed,yes,
F00576,tests/test_codegen_pydantic_to_ts.py,test-python,tests,analyzed,yes,ruff-format:FORMAT
F00577,tests/test_cognitive_approvals_routes.py,test-python,tests,analyzed,yes,ruff-format:FORMAT
F00578,tests/test_cognitive_chat_graph.py,test-python,tests,analyzed,yes,ruff-format:FORMAT
F00579,tests/test_cognitive_chat_runtime.py,test-python,tests,analyzed,yes,ruff-format:FORMAT
F00580,tests/test_cognitive_router.py,test-python,tests,analyzed,yes,ruff-format:FORMAT
F00581,tests/test_coherence_belief_state.py,test-python,tests,analyzed,yes,
F00582,tests/test_coherence_calibrator.py,test-python,tests,analyzed,yes,ruff-format:FORMAT
F00583,tests/test_coherence_performance_pressure.py,test-python,tests,analyzed,yes,ruff-format:FORMAT
F00584,tests/test_coindesk_rss_parser.py,test-python,tests,analyzed,yes,ruff-format:FORMAT
F00585,tests/test_coindesk_rss_pump.py,test-python,tests,analyzed,yes,
F00586,tests/test_constraint_engine.py,test-python,tests,analyzed,yes,ruff-format:FORMAT
F00587,tests/test_credentials_dotenv_io.py,test-python,tests,analyzed,yes,ruff-format:FORMAT
F00588,tests/test_credentials_manifest.py,test-python,tests,analyzed,yes,ruff-format:FORMAT
F00589,tests/test_credentials_route.py,test-python,tests,analyzed,yes,ruff-format:FORMAT
F00590,tests/test_credentials_set_route.py,test-python,tests,analyzed,yes,ruff-format:FORMAT
F00591,tests/test_credentials_storage.py,test-python,tests,analyzed,yes,ruff-format:FORMAT
F00592,tests/test_credentials_verifiers.py,test-python,tests,analyzed,yes,ruff-format:FORMAT
F00593,tests/test_credentials_verify_route.py,test-python,tests,analyzed,yes,ruff-format:FORMAT
F00594,tests/test_dash_meme_mount.py,test-python,tests,analyzed,yes,ruff-format:FORMAT
F00595,tests/test_dashboard2026_routes.py,test-python,tests,analyzed,yes,
F00596,tests/test_decision_signer.py,test-python,tests,analyzed,yes,
F00597,tests/test_decision_trace.py,test-python,tests,analyzed,yes,ruff-format:FORMAT
F00598,tests/test_decision_trace_why_layer.py,test-python,tests,analyzed,yes,
F00599,tests/test_drift_oracle.py,test-python,tests,analyzed,yes,ruff-format:FORMAT
F00600,tests/test_enforcement_facade.py,test-python,tests,analyzed,yes,
F00601,tests/test_engine_contracts.py,test-python,tests,analyzed,yes,ruff-format:FORMAT
F00602,tests/test_event_provenance.py,test-python,tests,analyzed,yes,
F00603,tests/test_execution_engine.py,test-python,tests,analyzed,yes,ruff-format:FORMAT
F00604,tests/test_execution_engine_learning_loop.py,test-python,tests,analyzed,yes,ruff-format:FORMAT
F00605,tests/test_execution_engine_throttle.py,test-python,tests,analyzed,yes,ruff-format:FORMAT
F00606,tests/test_execution_gate.py,test-python,tests,analyzed,yes,ruff-format:FORMAT
F00607,tests/test_execution_hot_path.py,test-python,tests,analyzed,yes,
F00608,tests/test_execution_intent.py,test-python,tests,analyzed,yes,ruff-format:FORMAT
F00609,tests/test_execution_lifecycle.py,test-python,tests,analyzed,yes,ruff-format:FORMAT
F00610,tests/test_execution_runtime_monitor.py,test-python,tests,analyzed,yes,ruff-format:FORMAT
F00611,tests/test_fred_http_parser.py,test-python,tests,analyzed,yes,ruff-format:FORMAT
F00612,tests/test_fred_http_pump.py,test-python,tests,analyzed,yes,ruff-format:FORMAT
F00613,tests/test_governance_control_plane.py,test-python,tests,analyzed,yes,ruff-format:FORMAT
F00614,tests/test_governance_fail_closed.py,test-python,tests,analyzed,yes,ruff-format:FORMAT
F00615,tests/test_harness_approver_gate.py,test-python,tests,analyzed,yes,ruff-format:FORMAT
F00616,tests/test_hazard_sensors.py,test-python,tests,analyzed,yes,
F00617,tests/test_hazard_throttle.py,test-python,tests,analyzed,yes,ruff-format:FORMAT
F00618,tests/test_hazard_throttle_adapter.py,test-python,tests,analyzed,yes,
F00619,tests/test_health_monitors.py,test-python,tests,analyzed,yes,
F00620,tests/test_http_chat_transport.py,test-python,tests,analyzed,yes,ruff-format:FORMAT
F00621,tests/test_hummingbot_adapter.py,test-python,tests,analyzed,yes,ruff-format:FORMAT
F00622,tests/test_immutable_core_axioms.py,test-python,tests,analyzed,yes,
F00623,tests/test_intelligence_engine.py,test-python,tests,analyzed,yes,ruff-format:FORMAT
F00624,tests/test_intelligence_engine_wave1.py,test-python,tests,analyzed,yes,ruff-format:FORMAT
F00625,tests/test_kill_switch.py,test-python,tests,analyzed,yes,ruff-format:FORMAT
F00626,tests/test_learning_evolution_freeze.py,test-python,tests,analyzed,yes,ruff-format:FORMAT
F00627,tests/test_learning_interface.py,test-python,tests,analyzed,yes,ruff-format:FORMAT
F00628,tests/test_ledger_persistence.py,test-python,tests,analyzed,yes,ruff-format:FORMAT
F00629,tests/test_meta_controller_confidence_engine.py,test-python,tests,analyzed,yes,
F00630,tests/test_meta_controller_hot_path.py,test-python,tests,analyzed,yes,ruff-format:FORMAT
F00631,tests/test_meta_controller_orchestrator.py,test-python,tests,analyzed,yes,ruff-format:FORMAT
F00632,tests/test_meta_controller_policy.py,test-python,tests,analyzed,yes,ruff-format:FORMAT
F00633,tests/test_meta_controller_position_sizer.py,test-python,tests,analyzed,yes,ruff-format:FORMAT
F00634,tests/test_meta_controller_regime_router.py,test-python,tests,analyzed,yes,
F00635,tests/test_meta_controller_runtime_adapter.py,test-python,tests,analyzed,yes,
F00636,tests/test_mode_effects.py,test-python,tests,analyzed,yes,ruff-format:FORMAT
F00637,tests/test_news_fanout.py,test-python,tests,analyzed,yes,ruff-format:FORMAT
F00638,tests/test_news_feed_runner.py,test-python,tests,analyzed,yes,
F00639,tests/test_news_knowledge_index.py,test-python,tests,analyzed,yes,ruff-format:FORMAT
F00640,tests/test_news_projection.py,test-python,tests,analyzed,yes,ruff-format:FORMAT
F00641,tests/test_news_shock_sensor.py,test-python,tests,analyzed,yes,ruff-format:FORMAT
F00642,tests/test_opennews_mcp.py,test-python,tests,analyzed,yes,ruff-format:FORMAT
F00643,tests/test_operator_attention.py,test-python,tests,analyzed,yes,
F00644,tests/test_operator_dashboard.py,test-python,tests,analyzed,yes,
F00645,tests/test_patch_pipeline.py,test-python,tests,analyzed,yes,
F00646,tests/test_patch_pipeline_orchestrator.py,test-python,tests,analyzed,yes,ruff-format:FORMAT
F00647,tests/test_phase5_closed_loop.py,test-python,tests,analyzed,yes,ruff-format:FORMAT
F00648,tests/test_plugin_routes.py,test-python,tests,analyzed,yes,ruff-format:FORMAT
F00649,tests/test_policy_decision_table.py,test-python,tests,analyzed,yes,ruff-format:FORMAT
F00650,tests/test_policy_hash_anchor.py,test-python,tests,analyzed,yes,
F00651,tests/test_promotion_gates.py,test-python,tests,analyzed,yes,ruff-format:FORMAT
F00652,tests/test_proposal_parser.py,test-python,tests,analyzed,yes,ruff-format:FORMAT
F00653,tests/test_pumpfun_ws.py,test-python,tests,analyzed,yes,ruff-format:FORMAT
F00654,tests/test_raydium_pools.py,test-python,tests,analyzed,yes,ruff-format:FORMAT
F00655,tests/test_registry_driven_chat_model.py,test-python,tests,analyzed,yes,ruff-format:FORMAT
F00656,tests/test_reward_shaping.py,test-python,tests,analyzed,yes,ruff-format:FORMAT
F00657,tests/test_runtime_context_builder.py,test-python,tests,analyzed,yes,
F00658,tests/test_rust_revival_reminder.py,test-python,tests,analyzed,yes,ruff-format:FORMAT
F00659,tests/test_scvs_phase1.py,test-python,tests,analyzed,yes,ruff-format:FORMAT
F00660,tests/test_scvs_phase2.py,test-python,tests,analyzed,yes,
F00661,tests/test_scvs_phase3.py,test-python,tests,analyzed,yes,ruff-format:FORMAT
F00662,tests/test_signal_pipeline.py,test-python,tests,analyzed,yes,ruff-format:FORMAT
F00663,tests/test_slow_loop_learner.py,test-python,tests,analyzed,yes,ruff-format:FORMAT
F00664,tests/test_strategic_execution.py,test-python,tests,analyzed,yes,
F00665,tests/test_strategy_library.py,test-python,tests,analyzed,yes,ruff-format:FORMAT
F00666,tests/test_strategy_registry.py,test-python,tests,analyzed,yes,ruff-format:FORMAT
F00667,tests/test_strategy_runtime.py,test-python,tests,analyzed,yes,ruff-format:FORMAT
F00668,tests/test_stress_fred_parser_fuzz.py,test-python,tests,analyzed,yes,ruff-format:FORMAT
F00669,tests/test_stress_mode_effects.py,test-python,tests,analyzed,yes,ruff-format:FORMAT
F00670,tests/test_stress_strategy_registry.py,test-python,tests,analyzed,yes,ruff-format:FORMAT
F00671,tests/test_system_intent.py,test-python,tests,analyzed,yes,ruff-format:FORMAT
F00672,tests/test_system_state.py,test-python,tests,analyzed,yes,
F00673,tests/test_time_source.py,test-python,tests,analyzed,yes,
F00674,tests/test_trader_intelligence_contracts.py,test-python,tests,analyzed,yes,ruff-format:FORMAT
F00675,tests/test_trader_modeling_aggregator.py,test-python,tests,analyzed,yes,
F00676,tests/test_trader_modeling_observation.py,test-python,tests,analyzed,yes,
F00677,tests/test_tradingview_ideas_parser.py,test-python,tests,analyzed,yes,ruff-format:FORMAT
F00678,tests/test_ui_dashboard_actions.py,test-python,tests,analyzed,yes,
F00679,tests/test_ui_dashboard_routes.py,test-python,tests,analyzed,yes,
F00680,tests/test_ui_server.py,test-python,tests,analyzed,yes,ruff-format:FORMAT
F00681,tests/test_uniswapx_adapter.py,test-python,tests,analyzed,yes,
F00682,tests/test_uniswapx_quote.py,test-python,tests,analyzed,yes,ruff-format:FORMAT
F00683,tests/test_uniswapx_signer.py,test-python,tests,analyzed,yes,ruff-format:FORMAT
F00684,tests/test_update_validator.py,test-python,tests,analyzed,yes,ruff-format:FORMAT
F00685,tests/test_weight_adjuster.py,test-python,tests,analyzed,yes,ruff-format:FORMAT
F00686,tests/test_windows_launcher.py,test-python,tests,analyzed,yes,ruff-format:FORMAT
F00687,tools/__init__.py,lint-python,tools,analyzed,yes,
F00688,tools/authority_lint.py,lint-python,tools,analyzed,yes,ruff-format:FORMAT
F00689,tools/authority_matrix_lint.py,lint-python,tools,analyzed,yes,
F00690,tools/codegen/__init__.py,lint-python,tools,analyzed,yes,
F00691,tools/codegen/pydantic_to_ts.py,lint-python,tools,analyzed,yes,ruff-format:FORMAT
F00692,tools/constraint_lint.py,lint-python,tools,analyzed,yes,
F00693,tools/rust_revival_reminder.py,lint-python,tools,analyzed,yes,ruff-format:FORMAT
F00694,tools/scvs_lint.py,lint-python,tools,analyzed,yes,ruff-format:FORMAT
F00695,ui/__init__.py,python,ui,analyzed,yes,
F00696,ui/cognitive_chat_runtime.py,python,ui,analyzed,yes,ruff-format:FORMAT
F00697,ui/dashboard_routes.py,python,ui,analyzed,yes,ruff-format:FORMAT
F00698,ui/execution_routes.py,python,ui,analyzed,yes,
F00699,ui/feeds/__init__.py,python,ui,analyzed,yes,
F00700,ui/feeds/binance_public_ws.py,python,ui,analyzed,yes,ruff-format:FORMAT
F00701,ui/feeds/bls_http.py,python,ui,analyzed,yes,ruff-format:FORMAT
F00702,ui/feeds/coindesk_rss.py,python,ui,analyzed,yes,ruff-format:FORMAT
F00703,ui/feeds/consumes.yaml,yaml,ui,analyzed,yes,
F00704,ui/feeds/fred_http.py,python,ui,analyzed,yes,ruff-format:FORMAT
F00705,ui/feeds/news_fanout.py,python,ui,analyzed,yes,ruff-format:FORMAT
F00706,ui/feeds/news_runner.py,python,ui,analyzed,yes,ruff-format:FORMAT
F00707,ui/feeds/pumpfun_runner.py,python,ui,analyzed,yes,ruff-format:FORMAT
F00708,ui/feeds/pumpfun_ws.py,python,ui,analyzed,yes,ruff-format:FORMAT
F00709,ui/feeds/raydium_pools.py,python,ui,analyzed,yes,ruff-format:FORMAT
F00710,ui/feeds/raydium_runner.py,python,ui,analyzed,yes,ruff-format:FORMAT
F00711,ui/feeds/runner.py,python,ui,analyzed,yes,ruff-format:FORMAT
F00712,ui/feeds/tradingview_ideas.py,python,ui,analyzed,yes,ruff-format:FORMAT
F00713,ui/governance_routes.py,python,ui,analyzed,yes,ruff-format:FORMAT
F00714,ui/plugin_routes.py,python,ui,analyzed,yes,ruff-format:FORMAT
F00715,ui/server.py,python,ui,analyzed,yes,ruff-format:FORMAT
F00716,ui/static/app.js,js,ui,analyzed,yes,
F00717,ui/static/index.html,html,ui,analyzed,yes,
F00718,ui/static/styles.css,css,ui,analyzed,yes,
